-- 3 Companies
INSERT INTO InsuranceCompany (VatId, Name) VALUES
    ('21202391704', 'Ferro Assicurazioni'),
	('21265251180', 'Milani Group'),
	('21295568066', 'Zanuttigh S.P.A.');
	
	
-- 1 Broker
INSERT INTO VimsUser (Email, Password) 
    VALUES ('thebrokers.king@gmail.com', ENCODE(DIGEST('ThousandSunny72', 'SHA256'), 'hex'));


-- 6 Intermediaries
INSERT INTO VimsUser (Email, Password) VALUES
    ('ashura.ichibugin@gmail.com', ENCODE(DIGEST('LimaLama61', 'SHA256'), 'hex')),
    ('diable.jambe@gmail.com', ENCODE(DIGEST('CookingPrince54', 'SHA256'), 'hex')),
    ('aokiji.freeze@gmail.com', ENCODE(DIGEST('FlowerFleur13', 'SHA256'), 'hex')),
    ('guard.point@gmail.com', ENCODE(DIGEST('IrorukaDoc98', 'SHA256'), 'hex')),
    ('franky.family@gmail.com', ENCODE(DIGEST('RadicalBeam33', 'SHA256'), 'hex')),
    ('alabasta.queen@gmail.com', ENCODE(DIGEST('KarlDuck06', 'SHA256'), 'hex'));


-- 100 Clients
INSERT INTO VimsUser (Email, Password) VALUES
    ('giovannirossi@gmail.com', ENCODE(DIGEST('Private1', 'SHA256'), 'hex')),
    ('marcorusso@gmail.com', ENCODE(DIGEST('Private2', 'SHA256'), 'hex')),
    ('lucaferrari@gmail.com', ENCODE(DIGEST('Private3', 'SHA256'), 'hex')),
    ('andreaesposito@gmail.com', ENCODE(DIGEST('Private4', 'SHA256'), 'hex')),
    ('maurobianchi@gmail.com', ENCODE(DIGEST('Private5', 'SHA256'), 'hex')),
    ('giacomoromano@gmail.com', ENCODE(DIGEST('Private6', 'SHA256'), 'hex')),
    ('diegoricci@gmail.com', ENCODE(DIGEST('Private7', 'SHA256'), 'hex')),
    ('danielecolombo@gmail.com', ENCODE(DIGEST('Private8', 'SHA256'), 'hex')),
    ('nicolamarino@gmail.com', ENCODE(DIGEST('Private9', 'SHA256'), 'hex')),
    ('arturogreco@gmail.com', ENCODE(DIGEST('Private10', 'SHA256'), 'hex')),
    ('luigibruno@gmail.com', ENCODE(DIGEST('Private11', 'SHA256'), 'hex')),
    ('francescogallo@gmail.com', ENCODE(DIGEST('Private12', 'SHA256'), 'hex')),
    ('carloconti@gmail.com', ENCODE(DIGEST('Private13', 'SHA256'), 'hex')),
    ('paolodeluca@gmail.com', ENCODE(DIGEST('Private14', 'SHA256'), 'hex')),
    ('francescomancini@gmail.com', ENCODE(DIGEST('Private15', 'SHA256'), 'hex')),
    ('mattiacosta@gmail.com', ENCODE(DIGEST('Private16', 'SHA256'), 'hex')),
    ('matteogiordano@gmail.com', ENCODE(DIGEST('Private17', 'SHA256'), 'hex')),
    ('simonerizzo@gmail.com', ENCODE(DIGEST('Private18', 'SHA256'), 'hex')),
    ('gianluigilombardi@gmail.com', ENCODE(DIGEST('Private19', 'SHA256'), 'hex')),
    ('gianfrancomilani@gmail.com', ENCODE(DIGEST('Private20', 'SHA256'), 'hex')),
    ('ugosantoro@gmail.com', ENCODE(DIGEST('Private21', 'SHA256'), 'hex')),
    ('davidecaruso@gmail.com', ENCODE(DIGEST('Private22', 'SHA256'), 'hex')),
    ('ilmelograno@gmail.com', ENCODE(DIGEST('Enterprise1', 'SHA256'), 'hex')),
    ('ilfioreblu@gmail.com', ENCODE(DIGEST('Enterprise2', 'SHA256'), 'hex')),
    ('sedanorapa@gmail.com', ENCODE(DIGEST('Enterprise3', 'SHA256'), 'hex')),
    ('lasparagobon@gmail.com', ENCODE(DIGEST('Enterprise4', 'SHA256'), 'hex')),
    ('vivaetegoine@gmail.com', ENCODE(DIGEST('Enterprise5', 'SHA256'), 'hex')),
    ('ilmolinoent@gmail.com', ENCODE(DIGEST('Enterprise6', 'SHA256'), 'hex')),
    ('lapescaverde@gmail.com', ENCODE(DIGEST('Enterprise7', 'SHA256'), 'hex')),
    ('melevisione@gmail.com', ENCODE(DIGEST('Enterprise8', 'SHA256'), 'hex')),
    ('marcoverdi@gmail.com', ENCODE(DIGEST('Client1', 'SHA256'), 'hex')),
    ('matteoverdi@gmail.com', ENCODE(DIGEST('Client2', 'SHA256'), 'hex')),
    ('lucaverdi@gmail.com', ENCODE(DIGEST('Client3', 'SHA256'), 'hex')),
    ('giacomoverdi@gmail.com', ENCODE(DIGEST('Client4', 'SHA256'), 'hex')),
    ('danieleverdi@gmail.com', ENCODE(DIGEST('Client5', 'SHA256'), 'hex')),
    ('marcorossi@gmail.com', ENCODE(DIGEST('Client6', 'SHA256'), 'hex')),
    ('matteorossi@gmail.com', ENCODE(DIGEST('Client7', 'SHA256'), 'hex')),
    ('lucarossi@gmail.com', ENCODE(DIGEST('Client8', 'SHA256'), 'hex')),
    ('giacomorossi@gmail.com', ENCODE(DIGEST('Client9', 'SHA256'), 'hex')),
    ('danielerossi@gmail.com', ENCODE(DIGEST('Client10', 'SHA256'), 'hex')),
    ('marconeri@gmail.com', ENCODE(DIGEST('Client11', 'SHA256'), 'hex')),
    ('matteoneri@gmail.com', ENCODE(DIGEST('Client12', 'SHA256'), 'hex')),
    ('lucaneri@gmail.com', ENCODE(DIGEST('Client13', 'SHA256'), 'hex')),
    ('giacomoneri@gmail.com', ENCODE(DIGEST('Client14', 'SHA256'), 'hex')),
    ('danieleneri@gmail.com', ENCODE(DIGEST('Client15', 'SHA256'), 'hex')),
    ('marcogialli@gmail.com', ENCODE(DIGEST('Client16', 'SHA256'), 'hex')),
    ('matteogialli@gmail.com', ENCODE(DIGEST('Client17', 'SHA256'), 'hex')),
    ('lucagialli@gmail.com', ENCODE(DIGEST('Client18', 'SHA256'), 'hex')),
    ('giacomogialli@gmail.com', ENCODE(DIGEST('Client19', 'SHA256'), 'hex')),
    ('danielegialli@gmail.com', ENCODE(DIGEST('Client20', 'SHA256'), 'hex')),
    ('marcoviola@gmail.com', ENCODE(DIGEST('Client21', 'SHA256'), 'hex')),
    ('matteoviola@gmail.com', ENCODE(DIGEST('Client22', 'SHA256'), 'hex')),
    ('lucaviola@gmail.com', ENCODE(DIGEST('Client23', 'SHA256'), 'hex')),
    ('giacomoviola@gmail.com', ENCODE(DIGEST('Client24', 'SHA256'), 'hex')),
    ('danieleviola@gmail.com', ENCODE(DIGEST('Client25', 'SHA256'), 'hex')),
    ('marcoblu@gmail.com', ENCODE(DIGEST('Client26', 'SHA256'), 'hex')),
    ('matteoblu@gmail.com', ENCODE(DIGEST('Client27', 'SHA256'), 'hex')),
    ('lucablu@gmail.com', ENCODE(DIGEST('Client28', 'SHA256'), 'hex')),
    ('giacomoblu@gmail.com', ENCODE(DIGEST('Client29', 'SHA256'), 'hex')),
    ('danieleblu@gmail.com', ENCODE(DIGEST('Client30', 'SHA256'), 'hex')),
    ('marcoarancioni@gmail.com', ENCODE(DIGEST('Client31', 'SHA256'), 'hex')),
    ('matteoarancioni@gmail.com', ENCODE(DIGEST('Client32', 'SHA256'), 'hex')),
    ('lucaarancioni@gmail.com', ENCODE(DIGEST('Client33', 'SHA256'), 'hex')),
    ('giacomoarancioni@gmail.com', ENCODE(DIGEST('Client34', 'SHA256'), 'hex')),
    ('danielearancioni@gmail.com', ENCODE(DIGEST('Client35', 'SHA256'), 'hex')),
    ('marcobianchi@gmail.com', ENCODE(DIGEST('Client36', 'SHA256'), 'hex')),
    ('matteobianchi@gmail.com', ENCODE(DIGEST('Client37', 'SHA256'), 'hex')),
    ('lucabianchi@gmail.com', ENCODE(DIGEST('Client38', 'SHA256'), 'hex')),
    ('giacomobianchi@gmail.com', ENCODE(DIGEST('Client39', 'SHA256'), 'hex')),
    ('danielebianchi@gmail.com', ENCODE(DIGEST('Client40', 'SHA256'), 'hex')),
    ('pereemele@gmail.com', ENCODE(DIGEST('Client41', 'SHA256'), 'hex')),
    ('angurieemeloni@gmail.com', ENCODE(DIGEST('Client42', 'SHA256'), 'hex')),
    ('peperonigialli@gmail.com', ENCODE(DIGEST('Client43', 'SHA256'), 'hex')),
    ('peperoniverdi@gmail.com', ENCODE(DIGEST('Client44', 'SHA256'), 'hex')),
    ('peperonirossi@gmail.com', ENCODE(DIGEST('Client45', 'SHA256'), 'hex')),
    ('lamponiblu@gmail.com', ENCODE(DIGEST('Client46', 'SHA256'), 'hex')),
    ('uvarossa@gmail.com', ENCODE(DIGEST('Client47', 'SHA256'), 'hex')),
    ('uvabianca@gmail.com', ENCODE(DIGEST('Client48', 'SHA256'), 'hex')),
    ('uvagrossa@gmail.com', ENCODE(DIGEST('Client49', 'SHA256'), 'hex')),
    ('uvagrassa@gmail.com', ENCODE(DIGEST('Client50', 'SHA256'), 'hex')),
    ('bonvin@gmail.com', ENCODE(DIGEST('Client51', 'SHA256'), 'hex')),
    ('elvinellotop@gmail.com', ENCODE(DIGEST('Client52', 'SHA256'), 'hex')),
    ('tavernellothebest@gmail.com', ENCODE(DIGEST('Client53', 'SHA256'), 'hex')),
    ('sancrispino@gmail.com', ENCODE(DIGEST('Client54', 'SHA256'), 'hex')),
    ('ilnostrovino@gmail.com', ENCODE(DIGEST('Client55', 'SHA256'), 'hex')),
    ('grappoli@gmail.com', ENCODE(DIGEST('Client56', 'SHA256'), 'hex')),
    ('acinidolci@gmail.com', ENCODE(DIGEST('Client57', 'SHA256'), 'hex')),
    ('senzasemi@gmail.com', ENCODE(DIGEST('Client58', 'SHA256'), 'hex')),
    ('laqualita@gmail.com', ENCODE(DIGEST('Client59', 'SHA256'), 'hex')),
    ('alcolavolonta@gmail.com', ENCODE(DIGEST('Client60', 'SHA256'), 'hex')),
    ('conlagrigliata@gmail.com', ENCODE(DIGEST('Client61', 'SHA256'), 'hex')),
    ('megliounbuonvino@gmail.com', ENCODE(DIGEST('Client62', 'SHA256'), 'hex')),
    ('padovavini@gmail.com', ENCODE(DIGEST('Client63', 'SHA256'), 'hex')),
    ('veneziavini@gmail.com', ENCODE(DIGEST('Client64', 'SHA256'), 'hex')),
    ('aostavini@gmail.com', ENCODE(DIGEST('Client65', 'SHA256'), 'hex')),
    ('udinevini@gmail.com', ENCODE(DIGEST('Client66', 'SHA256'), 'hex')),
    ('pordenonevini@gmail.com', ENCODE(DIGEST('Client67', 'SHA256'), 'hex')),
    ('perugiavini@gmail.com', ENCODE(DIGEST('Client68', 'SHA256'), 'hex')),
    ('trentovini@gmail.com', ENCODE(DIGEST('Client69', 'SHA256'), 'hex')),
    ('bolzanovini@gmail.com', ENCODE(DIGEST('Client70', 'SHA256'), 'hex'));


-- Creation broker
INSERT INTO Broker (RuiId, Name, Surname, Email)
    VALUES ('B010742953', 'Luffy', 'Monkey D.', 'thebrokers.king@gmail.com');


-- Association companies-broker
INSERT INTO Collaborate(VatId, RuiId) VALUES
    ('21202391704', 'B010742953'),
    ('21265251180', 'B010742953'),
    ('21295568066', 'B010742953');


-- Creation intermediaries
INSERT INTO Intermediary(RuiId, Name, Surname, Email, BrokerId) VALUES
    ('F152578620', 'Zoro', 'Roronoa', 'ashura.ichibugin@gmail.com', 'B010742953'),
    ('F445558547', 'Sanji', 'Vinsmoke', 'diable.jambe@gmail.com', 'B010742953'),
    ('F478849858', 'Robin', 'Nico', 'aokiji.freeze@gmail.com', 'B010742953'),
    ('F420876319', 'Chopper', 'Tonytony', 'guard.point@gmail.com', 'B010742953'),
    ('F435466856', 'Flam', 'Cutty', 'franky.family@gmail.com', 'B010742953'),
    ('F471253409', 'Bibi', 'Nefetari', 'alabasta.queen@gmail.com', 'B010742953');


-- Creation cities
INSERT INTO City(Name, Province, Region) VALUES
    ('Venezia', 'VE', 'Veneto'),
	('Mestre', 'VE', 'Veneto'),
    ('Dolo', 'VE', 'Veneto'),
    ('Albignasego', 'PD', 'Veneto'),
    ('Camposampiero', 'PD', 'Veneto'),
    ('Mirano', 'VE', 'Veneto'),
    ('Limena', 'PD', 'Veneto'),
    ('Padova', 'PD', 'Veneto'),
    ('Pordenone', 'PN', 'Friuli-Venezia Giulia'),
    ('Rovigo', 'RO', 'Veneto'),
    ('Vicenza', 'VI', 'Veneto'),
    ('Verona', 'VR', 'Veneto'),
    ('Trento', 'TN', 'Trentino-Alto Adige'),
    ('Milano', 'MI', 'Lombardia'),
    ('Brescia', 'BS', 'Lombardia'),
    ('Bergamo', 'BG', 'Lombardia'),
    ('Monza', 'MB', 'Lombardia'),
    ('Firenze', 'FI', 'Toscana'),
    ('Roma', 'RO', 'Lazio'),
    ('Perugia', 'PG', 'Umbria'),
    ('Bologna', 'BO', 'Emilia-Romagna'),
    ('Aosta', 'AO', 'Valle d''Aosta'),
    ('Genova', 'GE', 'Liguria'),
    ('Torino', 'TO', 'Piemonte'),
    ('Agrigento', 'AG', 'Sicilia'),
    ('Caltanissetta', 'CL', 'Sicilia'),
    ('Napoli', 'NA', 'Campania'),
    ('Cagliari', 'CA', 'Sardegna'),
    ('Lecce', 'LE', 'Puglia'),
    ('Campobasso', 'CB', 'Molise'),
    ('Pescara', 'PE', 'Abruzzo'),
    ('Reggio Calabria', 'RC', 'Calabria'),
    ('Nuoro', 'NU', 'Sardegna'),
	('Sassari', 'SS', 'Sardegna'),
    ('Bolzano', 'BZ', 'Trentino-Alto Adige'),
    ('Udine', 'UD', 'Friuli-Venezia Giulia');


-- Creation private clients
INSERT INTO Client(TaxCode, Telephone, Location, Province, 
        Address, Name, Surname, CType, IntermediaryId, Email) VALUES
    ('FNTCDC00A00A123A', '3406971234', 'Venezia', 'VE', 'Via dell''uva, 1',
        'Giovanni', 'Rossi', 'PRIVATE CLIENT', 'F152578620', 'giovannirossi@gmail.com'),
    ('FNTCDC00A00A123B', '3406971235', 'Venezia', 'VE', 'Via dell''uva, 34',
        'Marco', 'Russo', 'PRIVATE CLIENT', 'F152578620', 'marcorusso@gmail.com'),
    ('FNTCDC00A00A123C', '3406971236', 'Venezia', 'VE', 'Via dell''uva, 243',
        'Luca', 'Ferrari', 'PRIVATE CLIENT', 'F152578620', 'lucaferrari@gmail.com'),
    ('FNTCDC00A00A123D', '3406971237', 'Padova', 'PD', 'Via della vigna, 1',
        'Andrea', 'Esposito', 'PRIVATE CLIENT', 'F152578620', 'andreaesposito@gmail.com'),
    ('FNTCDC00A00A123E', '3406971238', 'Padova', 'PD', 'Via della vigna, 34',
        'Mauro', 'Bianchi', 'PRIVATE CLIENT', 'F152578620', 'maurobianchi@gmail.com'),
    ('FNTCDC00A00A123F', '3406971239', 'Padova', 'PD', 'Via della vigna, 123',
        'Giacomo', 'Romano', 'PRIVATE CLIENT', 'F152578620', 'giacomoromano@gmail.com'),
    ('FNTCDC00A00A123G', '3406971210', 'Udine', 'UD', 'Via dell''alcol, 1',
        'Diego', 'Ricci', 'PRIVATE CLIENT', 'F152578620', 'diegoricci@gmail.com'),
    ('FNTCDC00A00A123H', '3406971211', 'Udine', 'UD', 'Via dell''alcol, 12',
        'Daniele', 'Colombo', 'PRIVATE CLIENT', 'F152578620', 'danielecolombo@gmail.com'),
    ('FNTCDC00A00A123I', '3406971212', 'Udine', 'UD', 'Via dell''alcol, 53',
        'Nicola', 'Marino', 'PRIVATE CLIENT', 'F152578620', 'nicolamarino@gmail.com'),
    ('FNTCDC00A00A123J', '3406971213', 'Verona', 'VR', 'Via della pineta, 123',
        'Arturo', 'Greco', 'PRIVATE CLIENT', 'F152578620', 'arturogreco@gmail.com'),
    ('FNTCDC00A00A123K', '3406971214', 'Verona', 'VR', 'Via della pineta, 512',
        'Luigi', 'Bruno', 'PRIVATE CLIENT', 'F152578620', 'luigibruno@gmail.com'),
    ('FNTCDC00A00A123L', '3406971215', 'Verona', 'VR', 'Via dell''aiuola, 123',
        'Francesco', 'Gallo', 'PRIVATE CLIENT', 'F152578620', 'francescogallo@gmail.com'),
    ('FNTCDC00A00A123M', '3406971216', 'Verona', 'VR', 'Via dell''aiuola, 37',
        'Carlo', 'Conti', 'PRIVATE CLIENT', 'F152578620', 'carloconti@gmail.com'),
    ('FNTCDC00A00A123N', '3406971217', 'Vicenza', 'VI', 'Via della riva, 37',
        'Paolo', 'De Luca', 'PRIVATE CLIENT', 'F152578620', 'paolodeluca@gmail.com'),
    ('FNTCDC00A00A123O', '3406971218', 'Vicenza', 'VI', 'Via della pigna, 123',
        'Francesco', 'Mancini', 'PRIVATE CLIENT', 'F152578620', 'francescomancini@gmail.com'),
    ('FNTCDC00A00A123P', '3406971219', 'Vicenza', 'VI', 'Via della pigna, 512',
        'Mattia', 'Costa', 'PRIVATE CLIENT', 'F152578620', 'mattiacosta@gmail.com'),
    ('FNTCDC00A00A123Q', '3406971220', 'Vicenza', 'VI', 'Via della riva, 123',
        'Matteo', 'Giordano', 'PRIVATE CLIENT', 'F152578620', 'matteogiordano@gmail.com'),
    ('FNTCDC00A00A123R', '3406971221', 'Rovigo', 'RO', 'Via della spiaggia, 37',
        'Simone', 'Rizzo', 'PRIVATE CLIENT', 'F152578620', 'simonerizzo@gmail.com'),
    ('FNTCDC00A00A123S', '3406971222', 'Rovigo', 'RO', 'Via della spiaggia, 123',
        'Gianluigi', 'Lombardi', 'PRIVATE CLIENT', 'F152578620', 'gianluigilombardi@gmail.com'),
    ('FNTCDC00A00A123T', '3406971223', 'Rovigo', 'RO', 'Via della montagna, 512',
        'Gianfranco', 'Milani', 'PRIVATE CLIENT', 'F152578620', 'gianfrancomilani@gmail.com'),
    ('FNTCDC00A00A123U', '3406971224', 'Pordenone', 'PN', 'Via della montagna, 37',
        'Ugo', 'Santoro', 'PRIVATE CLIENT', 'F152578620', 'ugosantoro@gmail.com'),
    ('FNTCDC00A00A123V', '3406971225', 'Pordenone', 'PN', 'Via della collina, 512',
        'Davide', 'Caruso', 'PRIVATE CLIENT', 'F152578620', 'davidecaruso@gmail.com'),
    ('FNTCDC00A00A123Z', '3406971226', 'Pordenone', 'PN', 'Via della collina, 123',
        'Marco', 'Verdi', 'PRIVATE CLIENT', 'F152578620', 'marcoverdi@gmail.com'),
    ('FNTCDC00A01A123A', '3416971234', 'Milano', 'MI', 'Via dell''uva, 1',
        'Matteo', 'Verdi', 'PRIVATE CLIENT', 'F445558547', 'matteoverdi@gmail.com'),
    ('FNTCDC00A01A123B', '3416971235', 'Milano', 'MI', 'Via dell''uva, 34',
        'Luca', 'Verdi', 'PRIVATE CLIENT', 'F445558547', 'lucaverdi@gmail.com'),
    ('FNTCDC00A01A123C', '3416971236', 'Milano', 'MI', 'Via dell''uva, 243',
        'Giacomo', 'Verdi', 'PRIVATE CLIENT', 'F445558547', 'giacomoverdi@gmail.com'),
    ('FNTCDC00A01A123D', '3416971237', 'Milano', 'MI', 'Via della vigna, 1',
        'Daniele', 'Verdi', 'PRIVATE CLIENT', 'F445558547', 'danieleverdi@gmail.com'),
    ('FNTCDC00A01A123E', '3416971238', 'Milano', 'MI', 'Via della vigna, 34',
        'Marco', 'Rossi', 'PRIVATE CLIENT', 'F445558547', 'marcorossi@gmail.com'),
    ('FNTCDC00A01A123F', '3416971239', 'Trento', 'TN', 'Via della vigna, 123',
        'Matteo', 'Rossi', 'PRIVATE CLIENT', 'F445558547', 'matteorossi@gmail.com'),
    ('FNTCDC00A01A123G', '3416971210', 'Trento', 'TN', 'Via dell''alcol, 1',
        'Luca', 'Rossi', 'PRIVATE CLIENT', 'F445558547', 'lucarossi@gmail.com'),
    ('FNTCDC00A01A123H', '3416971211', 'Trento', 'TN', 'Via dell''alcol, 12',
        'Giacomo', 'Rossi', 'PRIVATE CLIENT', 'F445558547', 'giacomorossi@gmail.com'),
    ('FNTCDC00A01A123I', '3416971212', 'Trento', 'TN', 'Via dell''alcol, 53',
        'Daniele', 'Rossi', 'PRIVATE CLIENT', 'F445558547', 'danielerossi@gmail.com'),
    ('FNTCDC00A01A123J', '3416971213', 'Brescia', 'BS', 'Via della pineta, 123',
        'Marco', 'Neri', 'PRIVATE CLIENT', 'F445558547', 'marconeri@gmail.com'),
    ('FNTCDC00A01A123K', '3416971214', 'Brescia', 'BS', 'Via della pineta, 512',
        'Matteo', 'Neri', 'PRIVATE CLIENT', 'F445558547', 'matteoneri@gmail.com'),
    ('FNTCDC00A01A123L', '3416971215', 'Bergamo', 'BG', 'Via dell''aiuola, 123',
        'Luca', 'Neri', 'PRIVATE CLIENT', 'F445558547', 'lucaneri@gmail.com'),
    ('FNTCDC00A01A123M', '3416971216', 'Bergamo', 'BG', 'Via dell''aldila, 12',
        'Giacomo', 'Neri', 'PRIVATE CLIENT', 'F445558547', 'giacomoneri@gmail.com'),
    ('FNTCDC00A01A123N', '3416971217', 'Bergamo', 'BG', 'Via dell''aldila, 65',
        'Daniele', 'Neri', 'PRIVATE CLIENT', 'F445558547', 'danieleneri@gmail.com'),
    ('FNTCDC00A02A123A', '3426971213', 'Roma', 'RO', 'Via della pineta, 123',
        'Marco', 'Gialli', 'PRIVATE CLIENT', 'F478849858', 'marcogialli@gmail.com'),
    ('FNTCDC00A02A123B', '3426971214', 'Roma', 'RO', 'Via della penna, 73',
        'Matteo', 'Gialli', 'PRIVATE CLIENT', 'F478849858', 'matteogialli@gmail.com'),
    ('FNTCDC00A02A123C', '3426971215', 'Roma', 'RO', 'Via della palla, 98',
        'Luca', 'Gialli', 'PRIVATE CLIENT', 'F478849858', 'lucagialli@gmail.com'),
    ('FNTCDC00A02A123D', '3426971216', 'Roma', 'RO', 'Via della palla, 133',
        'Giacomo', 'Gialli', 'PRIVATE CLIENT', 'F478849858', 'giacomogialli@gmail.com'),
    ('FNTCDC00A02A123E', '3426971217', 'Perugia', 'PG', 'Via della pineta, 11',
        'Daniele', 'Gialli', 'PRIVATE CLIENT', 'F478849858', 'danielegialli@gmail.com'),
    ('FNTCDC00A02A123F', '3426971218', 'Perugia', 'PG', 'Via della penna, 123',
        'Marco', 'Viola', 'PRIVATE CLIENT', 'F478849858', 'marcoviola@gmail.com'),
    ('FNTCDC00A02A123H', '3426971220', 'Perugia', 'PG', 'Via della palla, 98',
        'Matteo', 'Viola', 'PRIVATE CLIENT', 'F478849858', 'matteoviola@gmail.com'),
    ('FNTCDC00A02A123I', '3426971221', 'Firenze', 'FI', 'Via della pineta, 53',
        'Luca', 'Viola', 'PRIVATE CLIENT', 'F478849858', 'lucaviola@gmail.com'),
    ('FNTCDC00A02A123J', '3426971222', 'Firenze', 'FI', 'Via della palla, 43',
        'Giacomo', 'Viola', 'PRIVATE CLIENT', 'F478849858', 'giacomoviola@gmail.com'),
    ('FNTCDC00A02A123K', '3426971223', 'Firenze', 'FI', 'Via della palla, 98',
        'Daniele', 'Viola', 'PRIVATE CLIENT', 'F478849858', 'danieleviola@gmail.com'),
    ('FNTCDC00A02A123L', '3426971224', 'Firenze', 'FI', 'Via della penna, 7',
        'Marco', 'Blu', 'PRIVATE CLIENT', 'F478849858', 'marcoblu@gmail.com'),
    ('FNTCDC00A02A123G', '3426971219', 'Firenze', 'FI', 'Via della pineta, 43',
        'Matteo', 'Blu', 'PRIVATE CLIENT', 'F478849858', 'matteoblu@gmail.com'),
    ('FNTCDC00A03A123A', '3436971211', 'Torino', 'TO', 'Via della vigna, 43',
        'Luca', 'Blu', 'PRIVATE CLIENT', 'F435466856', 'lucablu@gmail.com'),
    ('FNTCDC00A03A123B', '3436971212', 'Torino', 'TO', 'Via della carta, 5',
        'Giacomo', 'Blu', 'PRIVATE CLIENT', 'F435466856', 'giacomoblu@gmail.com'),
    ('FNTCDC00A03A123C', '3436971213', 'Torino', 'TO', 'Via della ciurma, 2',
        'Daniele', 'Blu', 'PRIVATE CLIENT', 'F435466856', 'danieleblu@gmail.com'),
    ('FNTCDC00A03A123D', '3436971214', 'Torino', 'TO', 'Via della barca, 443',
        'Marco', 'Arancioni', 'PRIVATE CLIENT', 'F435466856', 'marcoarancioni@gmail.com'),
    ('FNTCDC00A03A123E', '3436971215', 'Genova', 'GE', 'Via della vigna, 1',
        'Matteo', 'Arancioni', 'PRIVATE CLIENT', 'F435466856', 'matteoarancioni@gmail.com'),
    ('FNTCDC00A03A123F', '3436971216', 'Genova', 'GE', 'Via della carta, 53',
        'Luca', 'Arancioni', 'PRIVATE CLIENT', 'F435466856', 'lucaarancioni@gmail.com'),
    ('FNTCDC00A04A123A', '3446971211', 'Pescara', 'PE', 'Via del cuore, 5',
        'Giacomo', 'Arancioni', 'PRIVATE CLIENT', 'F420876319', 'giacomoarancioni@gmail.com'),
    ('FNTCDC00A04A123B', '3446971212', 'Pescara', 'PE', 'Via italia, 64',
        'Daniele', 'Arancioni', 'PRIVATE CLIENT', 'F420876319', 'danielearancioni@gmail.com'),
    ('FNTCDC00A04A123C', '3446971213', 'Reggio Calabria', 'RC', 'Via della seta, 23',
        'Marco', 'Bianchi', 'PRIVATE CLIENT', 'F420876319', 'marcobianchi@gmail.com'),
    ('FNTCDC00A04A123D', '3446971214', 'Reggio Calabria', 'RC', 'Via del sole, 466',
        'Matteo', 'Bianchi', 'PRIVATE CLIENT', 'F420876319', 'matteobianchi@gmail.com'),
    ('FNTCDC00A04A123E', '3446971215', 'Nuoro', 'NU', 'Via della luna, 211',
        'Luca', 'Bianchi', 'PRIVATE CLIENT', 'F420876319', 'lucabianchi@gmail.com'),
    ('FNTCDC00A04A123F', '3446971216', 'Nuoro', 'NU', 'Via della cometa, 101',
        'Giacomo', 'Bianchi', 'PRIVATE CLIENT', 'F420876319', 'giacomobianchi@gmail.com'),
    ('FNTCDC00A04A123G', '3446971217', 'Sassari', 'SS', 'Via delle stelle, 75',
        'Daniele', 'Bianchi', 'PRIVATE CLIENT', 'F420876319', 'danielebianchi@gmail.com');


-- Creation enterprise clients
INSERT INTO Client(TaxCode, Telephone, Location, Province, 
        Address, Name, Surname, CType, IntermediaryId, Email) VALUES
    ('27100139681', '3457012981', 'Padova', 'PD', 'Via dei tigli, 2',
        'Il melograno', NULL, 'AGRICOLTURAL ENTERPRISE', 'F152578620', 'ilmelograno@gmail.com'),
    ('27100139682', '3457012982', 'Padova', 'PD', 'Via dei tigli, 23',
        'Il fiore blu', NULL, 'AGRICOLTURAL ENTERPRISE', 'F152578620', 'ilfioreblu@gmail.com'),
    ('27100139683', '3457012983', 'Padova', 'PD', 'Via dei tigli, 43',
        'Sedano-rapa S.P.A.', NULL, 'AGRICOLTURAL ENTERPRISE', 'F152578620', 'sedanorapa@gmail.com'),
    ('27100139684', '3457012984', 'Padova', 'PD', 'Via dei tulipani, 100',
        'L''asparago bon', NULL, 'AGRICOLTURAL ENTERPRISE', 'F152578620', 'lasparagobon@gmail.com'),
    ('27100139685', '3457012985', 'Padova', 'PD', 'Via dei tulipani, 2',
        'Viva e tegoine', NULL, 'AGRICOLTURAL ENTERPRISE', 'F152578620', 'vivaetegoine@gmail.com'),
    ('27100139686', '3457012986', 'Venezia', 'VE', 'Via dei fiori, 12',
        'Il molino S.N.C.', NULL, 'AGRICOLTURAL ENTERPRISE', 'F152578620', 'ilmolinoent@gmail.com'),
    ('27100139687', '3457012987', 'Venezia', 'VE', 'Via dei fiori, 209',
        'La pesca verde', NULL, 'AGRICOLTURAL ENTERPRISE', 'F152578620', 'lapescaverde@gmail.com'),
    ('27100139688', '3457012988', 'Verona', 'VR', 'Via dei fiori, 23',
        'La melevisione', NULL, 'AGRICOLTURAL ENTERPRISE', 'F152578620', 'melevisione@gmail.com'),
    ('27100139689', '3457012989', 'Trento', 'TN', 'Via dei pensieri, 151',
        'El vinello top', NULL, 'AGRICOLTURAL ENTERPRISE', 'F445558547', 'elvinellotop@gmail.com'),
    ('27100139610', '3457012910', 'Trento', 'TN', 'Via dei pensieri, 1',
        'Tavernello the best', NULL, 'AGRICOLTURAL ENTERPRISE', 'F445558547', 'tavernellothebest@gmail.com'),
    ('27100139611', '3457012911', 'Trento', 'TN', 'Via dei vinelli, 44',
        'Pere e mele', NULL, 'AGRICOLTURAL ENTERPRISE', 'F445558547', 'pereemele@gmail.com'),
    ('27100139612', '3457012912', 'Milano', 'MI', 'Via dei pensieri, 52',
        'Angurie e meloni', NULL, 'AGRICOLTURAL ENTERPRISE', 'F445558547', 'angurieemeloni@gmail.com'),
    ('27100139613', '3457012913', 'Bergamo', 'BG', 'Via dei vinelli, 151',
        'Uva bianca', NULL, 'AGRICOLTURAL ENTERPRISE', 'F445558547', 'uvabianca@gmail.com'),
    ('27100139614', '3457012914', 'Bergamo', 'BG', 'Via dei ruscelli, 44',
        'Peperoni gialli', NULL, 'AGRICOLTURAL ENTERPRISE', 'F445558547', 'peperonigialli@gmail.com'),
    ('27100139615', '3457012915', 'Bergamo', 'BG', 'Via dei ruscelli, 131',
        'Peperoni verdi', NULL, 'AGRICOLTURAL ENTERPRISE', 'F445558547', 'peperoniverdi@gmail.com'),
    ('27100139616', '3457012916', 'Brescia', 'BS', 'Via dei pensieri, 44',
        'Peperoni rossi', NULL, 'AGRICOLTURAL ENTERPRISE', 'F445558547', 'peperonirossi@gmail.com'),
    ('27100139617', '3457012917', 'Brescia', 'BS', 'Via degli argini, 44',
        'Lamponi blu', NULL, 'AGRICOLTURAL ENTERPRISE', 'F445558547', 'lamponiblu@gmail.com'),
    ('27100139618', '3457012918', 'Brescia', 'BS', 'Via dei vinelli, 42',
        'Bon vin', NULL, 'AGRICOLTURAL ENTERPRISE', 'F445558547', 'bonvin@gmail.com'),
    ('27100139619', '3457012919', 'Monza', 'MB', 'Via dei pensieri, 33',
        'Uva rossa', NULL, 'AGRICOLTURAL ENTERPRISE', 'F445558547', 'uvarossa@gmail.com'),
    ('27100139620', '3457012920', 'Monza', 'MB', 'Via dei ruscelli, 151',
        'Uva grossa', NULL, 'AGRICOLTURAL ENTERPRISE', 'F445558547', 'uvagrossa@gmail.com'),
    ('27100139621', '3457012921', 'Monza', 'MB', 'Via dei pensieri, 42',
        'Uva grassa', NULL, 'AGRICOLTURAL ENTERPRISE', 'F445558547', 'uvagrassa@gmail.com'),
    ('27100139622', '3457012922', 'Bologna', 'BO', 'Via dei larici, 42',
        'Con la grigliata', NULL, 'AGRICOLTURAL ENTERPRISE', 'F478849858', 'conlagrigliata@gmail.com'),
    ('27100139623', '3457012923', 'Bologna', 'BO', 'Via montesanto, 3',
        'Meglio un buon vino', NULL, 'AGRICOLTURAL ENTERPRISE', 'F478849858', 'megliounbuonvino@gmail.com'),
    ('27100139624', '3457012924', 'Padova', 'PD', 'Via montenero, 2',
        'Padova vini', NULL, 'AGRICOLTURAL ENTERPRISE', 'F478849858', 'padovavini@gmail.com'),
    ('27100139625', '3457012925', 'Venezia', 'VE', 'Via roma, 23',
        'Venezia vini', NULL, 'AGRICOLTURAL ENTERPRISE', 'F478849858', 'veneziavini@gmail.com'),
    ('27100139626', '3457012926', 'Aosta', 'AO', 'Via venezia, 43',
        'Aosta vini', NULL, 'AGRICOLTURAL ENTERPRISE', 'F478849858', 'aostavini@gmail.com'),
    ('27100139627', '3457012927', 'Udine', 'UD', 'Via milano, 65',
        'Udine vini', NULL, 'AGRICOLTURAL ENTERPRISE', 'F478849858', 'udinevini@gmail.com'),
    ('27100139628', '3457012928', 'Pordenone', 'PN', 'Via torino, 36',
        'Pordenone vini', NULL, 'AGRICOLTURAL ENTERPRISE', 'F478849858', 'pordenonevini@gmail.com'),
    ('27100139629', '3457012929', 'Perugia', 'PG', 'Via del sud, 865',
        'Perugia vini', NULL, 'AGRICOLTURAL ENTERPRISE', 'F478849858', 'perugiavini@gmail.com'),
    ('27100139630', '3457012930', 'Trento', 'TN', 'Via del nord, 232',
        'Trento vini', NULL, 'AGRICOLTURAL ENTERPRISE', 'F478849858', 'trentovini@gmail.com'),
    ('27100139631', '3457012931', 'Bolzano', 'BZ', 'Via corso del popolo, 64',
        'Bolzano vini', NULL, 'AGRICOLTURAL ENTERPRISE', 'F478849858', 'bolzanovini@gmail.com'),
    ('27100139632', '3457012932', 'Napoli', 'NA', 'Via verdi, 2',
        'San crispino', NULL, 'AGRICOLTURAL ENTERPRISE', 'F435466856', 'sancrispino@gmail.com'),
    ('27100139633', '3457012933', 'Napoli', 'NA', 'Via pascoli, 3',
        'Il nostro vino', NULL, 'AGRICOLTURAL ENTERPRISE', 'F435466856', 'ilnostrovino@gmail.com'),
    ('27100139634', '3457012934', 'Napoli', 'NA', 'Via garibaldi, 7',
        'Grappoli', NULL, 'AGRICOLTURAL ENTERPRISE', 'F435466856', 'grappoli@gmail.com'),
    ('27100139635', '3457012935', 'Caltanissetta', 'CL', 'Via carducci, 1',
        'Acini dolci', NULL, 'AGRICOLTURAL ENTERPRISE', 'F435466856', 'acinidolci@gmail.com'),
    ('27100139636', '3457012936', 'Caltanissetta', 'CL', 'Via marconi, 543',
        'Senza semi', NULL, 'AGRICOLTURAL ENTERPRISE', 'F435466856', 'senzasemi@gmail.com'),
    ('27100139637', '3457012937', 'Agrigento', 'AG', 'Via prati, 231',
        'La qualita', NULL, 'AGRICOLTURAL ENTERPRISE', 'F435466856', 'laqualita@gmail.com'),
    ('27100139638', '3457012938', 'Agrigento', 'AG', 'Via degli abeti, 76',
        'Alcol a volonta', NULL, 'AGRICOLTURAL ENTERPRISE', 'F435466856', 'alcolavolonta@gmail.com');
    

-- Insertion varieties
INSERT INTO Variety(Code, Name, Yield, Price) VALUES
    ('00042', 'CABERNET FRANC N.', 100, 10752.63),
    ('00043', 'CABERNET SAUVIGNON N.', 98, 12751.63),
    ('00051', 'CANNONAU N.', 102, 11773.63),
    ('00378', 'CENTESIMINO N.', 101, 16752.63),
    ('00298', 'CHARDONNAY B.', 100, 9832.63),
    ('00062', 'CILIEGIOLO N.', 104, 10752.63),
    ('00075', 'DOUX D''HENRY N.', 106, 13750.63),
    ('00092', 'GARGANEGA B.', 92, 15752.63),
    ('00360', 'LAMBRUSCO OLIVA N.', 95, 10753.63),
    ('00128', 'MALVASIA N.', 96, 11772.63),
    ('00144', 'MARZEMINO N.', 99, 13094.63),
    ('00146', 'MERLOT N..', 101, 9820.63),
    ('00153', 'MOSCATO BIANCO B.', 104, 10648.63),
    ('00200', 'PROSECCO B.', 110, 15648.21),
    ('00203', 'RABOSO PIAVE N.', 102, 11481.05),
    ('00221', 'SAUVIGNON B.', 100, 10811.97),
    ('00237', 'TORBATO B.', 101, 11745.07),
    ('00257', 'VERDUZZO TREVIGIANO B.', 99, 12345.67),
    ('00195', 'PINOT NERO N.', 93, 12155.63);


-- Insertion vineyards (+variety)
INSERT INTO Vineyard(VineyardId,VineyardSize, UpToDate, VarietyCode, ClientId, Location, Province) VALUES
    (DEFAULT, 18, FALSE, '00042', 'FNTCDC00A00A123A', 'Mestre', 'VE'),
    (DEFAULT, 19, FALSE, '00257', 'FNTCDC00A00A123B', 'Dolo', 'VE'),
    (DEFAULT, 22, FALSE, '00257', 'FNTCDC00A00A123B', 'Dolo', 'VE'),
    (DEFAULT, 45, FALSE, '00153', 'FNTCDC00A00A123D', 'Albignasego', 'PD'),
    (DEFAULT, 23, FALSE, '00195', 'FNTCDC00A00A123F', 'Camposampiero', 'PD'),
    (DEFAULT, 10, FALSE, '00360', 'FNTCDC00A00A123H', 'Udine', 'UD'),
    (DEFAULT, 12, FALSE, '00237', 'FNTCDC00A00A123O', 'Vicenza', 'VI'),
    (DEFAULT, 23, FALSE, '00200', 'FNTCDC00A00A123Z', 'Pordenone', 'PN'),
    (DEFAULT, 11, FALSE, '00075', 'FNTCDC00A01A123C', 'Milano', 'MI'),
    (DEFAULT, 20, FALSE, '00360', 'FNTCDC00A01A123N', 'Bergamo', 'BG'),
    (DEFAULT, 10, FALSE, '00195', '27100139684', 'Padova', 'PD'),
    (DEFAULT, 25, TRUE, '00200', 'FNTCDC00A00A123A', 'Mestre', 'VE'),
    (DEFAULT, 10, TRUE, '00203', 'FNTCDC00A00A123A', 'Mestre', 'VE'),
    (DEFAULT, 21, TRUE, '00042', 'FNTCDC00A00A123A', 'Mestre', 'VE'),
    (DEFAULT, 34, TRUE, '00043', 'FNTCDC00A00A123B', 'Dolo', 'VE'),
    (DEFAULT, 34, TRUE, '00237', 'FNTCDC00A00A123B', 'Dolo', 'VE'),
    (DEFAULT, 34, TRUE, '00257', 'FNTCDC00A00A123B', 'Dolo', 'VE'),
    (DEFAULT, 52, TRUE, '00146', 'FNTCDC00A00A123C', 'Mirano', 'VE'),
    (DEFAULT, 30, TRUE, '00200', 'FNTCDC00A00A123C', 'Mirano', 'VE'),
    (DEFAULT, 55, TRUE, '00153', 'FNTCDC00A00A123D', 'Albignasego', 'PD'),
    (DEFAULT, 23, TRUE, '00298', 'FNTCDC00A00A123E', 'Limena', 'PD'),
    (DEFAULT, 11, TRUE, '00128', 'FNTCDC00A00A123E', 'Limena', 'PD'),
    (DEFAULT, 33, TRUE, '00092', 'FNTCDC00A00A123F', 'Camposampiero', 'PD'),
    (DEFAULT, 34, TRUE, '00195', 'FNTCDC00A00A123F', 'Camposampiero', 'PD'),
    (DEFAULT, 21, TRUE, '00051', 'FNTCDC00A00A123G', 'Udine', 'UD'),
    (DEFAULT, 24, TRUE, '00203', 'FNTCDC00A00A123H', 'Udine', 'UD'),
    (DEFAULT, 14, TRUE, '00360', 'FNTCDC00A00A123H', 'Udine', 'UD'),
    (DEFAULT, 23, TRUE, '00062', 'FNTCDC00A00A123I', 'Udine', 'UD'),
    (DEFAULT, 54, TRUE, '00042', 'FNTCDC00A00A123J', 'Verona', 'VR'),
    (DEFAULT, 32, TRUE, '00043', 'FNTCDC00A00A123K', 'Verona', 'VR'),
    (DEFAULT, 33, TRUE, '00051', 'FNTCDC00A00A123L', 'Verona', 'VR'),
    (DEFAULT, 21, TRUE, '00378', 'FNTCDC00A00A123M', 'Verona', 'VR'),
    (DEFAULT, 34, TRUE, '00298', 'FNTCDC00A00A123N', 'Vicenza', 'VI'),
    (DEFAULT, 52, TRUE, '00062', 'FNTCDC00A00A123O', 'Vicenza', 'VI'),
    (DEFAULT, 34, TRUE, '00237', 'FNTCDC00A00A123O', 'Vicenza', 'VI'),
    (DEFAULT, 55, TRUE, '00075', 'FNTCDC00A00A123P', 'Vicenza', 'VI'),
    (DEFAULT, 23, TRUE, '00092', 'FNTCDC00A00A123Q', 'Vicenza', 'VI'),
    (DEFAULT, 34, TRUE, '00360', 'FNTCDC00A00A123R', 'Rovigo', 'RO'),
    (DEFAULT, 21, TRUE, '00128', 'FNTCDC00A00A123S', 'Rovigo', 'RO'),
    (DEFAULT, 24, TRUE, '00144', 'FNTCDC00A00A123T', 'Rovigo', 'RO'),
    (DEFAULT, 23, TRUE, '00146', 'FNTCDC00A00A123U', 'Pordenone', 'PN'),
    (DEFAULT, 54, TRUE, '00153', 'FNTCDC00A00A123V', 'Pordenone', 'PN'),
    (DEFAULT, 32, TRUE, '00200', 'FNTCDC00A00A123Z', 'Pordenone', 'PN'),
    (DEFAULT, 33, TRUE, '00203', 'FNTCDC00A01A123A', 'Milano', 'MI'),
    (DEFAULT, 21, TRUE, '00221', 'FNTCDC00A01A123B', 'Milano', 'MI'),
    (DEFAULT, 34, TRUE, '00237', 'FNTCDC00A01A123C', 'Milano', 'MI'),
    (DEFAULT, 22, TRUE, '00075', 'FNTCDC00A01A123C', 'Milano', 'MI'),
    (DEFAULT, 52, TRUE, '00257', 'FNTCDC00A01A123D', 'Milano', 'MI'),
    (DEFAULT, 55, TRUE, '00195', 'FNTCDC00A01A123E', 'Milano', 'MI'),
    (DEFAULT, 23, TRUE, '00042', 'FNTCDC00A01A123F', 'Trento', 'TN'),
    (DEFAULT, 34, TRUE, '00043', 'FNTCDC00A01A123G', 'Trento', 'TN'),
    (DEFAULT, 21, TRUE, '00051', 'FNTCDC00A01A123H', 'Trento', 'TN'),
    (DEFAULT, 24, TRUE, '00378', 'FNTCDC00A01A123I', 'Trento', 'TN'),
    (DEFAULT, 23, TRUE, '00298', 'FNTCDC00A01A123J', 'Brescia', 'BS'),
    (DEFAULT, 54, TRUE, '00062', 'FNTCDC00A01A123K', 'Brescia', 'BS'),
    (DEFAULT, 32, TRUE, '00075', 'FNTCDC00A01A123L', 'Bergamo', 'BG'),
    (DEFAULT, 33, TRUE, '00092', 'FNTCDC00A01A123M', 'Bergamo', 'BG'),
    (DEFAULT, 22, TRUE, '00360', 'FNTCDC00A01A123N', 'Bergamo', 'BG'),
    (DEFAULT, 23, TRUE, '00128', 'FNTCDC00A02A123A', 'Roma', 'RO'),
    (DEFAULT, 20, TRUE, '00144', 'FNTCDC00A02A123B', 'Roma', 'RO'),
    (DEFAULT, 19, TRUE, '00146', 'FNTCDC00A02A123C', 'Roma', 'RO'),
    (DEFAULT, 15, TRUE, '00153', 'FNTCDC00A02A123D', 'Roma', 'RO'),
    (DEFAULT, 20, TRUE, '00200', 'FNTCDC00A02A123E', 'Perugia', 'PG'),
    (DEFAULT, 25, TRUE, '00203', 'FNTCDC00A02A123F', 'Perugia', 'PG'),
    (DEFAULT, 35, TRUE, '00221', 'FNTCDC00A02A123H', 'Perugia', 'PG'),
    (DEFAULT, 26, TRUE, '00237', 'FNTCDC00A02A123I', 'Firenze', 'FI'),
    (DEFAULT, 28, TRUE, '00257', 'FNTCDC00A02A123J', 'Firenze', 'FI'),
    (DEFAULT, 27, TRUE, '00195', 'FNTCDC00A02A123K', 'Firenze', 'FI'),
    (DEFAULT, 19, TRUE, '00042', 'FNTCDC00A02A123L', 'Firenze', 'FI'),
    (DEFAULT, 40, TRUE, '00043', 'FNTCDC00A02A123G', 'Firenze', 'FI'),
    (DEFAULT, 35, TRUE, '00051', 'FNTCDC00A03A123A', 'Torino', 'TO'),
    (DEFAULT, 31, TRUE, '00378', 'FNTCDC00A03A123B', 'Torino', 'TO'),
    (DEFAULT, 20, TRUE, '00298', 'FNTCDC00A03A123C', 'Torino', 'TO'),
    (DEFAULT, 19, TRUE, '00062', 'FNTCDC00A03A123D', 'Torino', 'TO'),
    (DEFAULT, 15, TRUE, '00075', 'FNTCDC00A03A123E', 'Genova', 'GE'),
    (DEFAULT, 20, TRUE, '00092', 'FNTCDC00A03A123F', 'Genova', 'GE'),
    (DEFAULT, 25, TRUE, '00360', 'FNTCDC00A04A123A', 'Pescara', 'PE'),
    (DEFAULT, 35, TRUE, '00128', 'FNTCDC00A04A123B', 'Pescara', 'PE'),
    (DEFAULT, 26, TRUE, '00144', 'FNTCDC00A04A123C', 'Reggio Calabria', 'RC'),
    (DEFAULT, 28, TRUE, '00146', 'FNTCDC00A04A123D', 'Reggio Calabria', 'RC'),
    (DEFAULT, 27, TRUE, '00153', 'FNTCDC00A04A123E', 'Nuoro', 'NU'),
    (DEFAULT, 19, TRUE, '00200', 'FNTCDC00A04A123F', 'Nuoro', 'NU'),
    (DEFAULT, 40, TRUE, '00203', 'FNTCDC00A04A123G', 'Sassari', 'SS'),
    (DEFAULT, 35, TRUE, '00221', '27100139681', 'Padova', 'PD'),
    (DEFAULT, 30, TRUE, '00043', '27100139681', 'Padova', 'PD'),
    (DEFAULT, 31, TRUE, '00092', '27100139681', 'Padova', 'PD'),
    (DEFAULT, 31, TRUE, '00237', '27100139682', 'Padova', 'PD'),
    (DEFAULT, 33, TRUE, '00062', '27100139682', 'Padova', 'PD'),
    (DEFAULT, 20, TRUE, '00257', '27100139683', 'Padova', 'PD'),
    (DEFAULT, 19, TRUE, '00195', '27100139684', 'Padova', 'PD'),
    (DEFAULT, 15, TRUE, '00042', '27100139685', 'Padova', 'PD'),
    (DEFAULT, 45, TRUE, '00062', '27100139685', 'Padova', 'PD'),
    (DEFAULT, 20, TRUE, '00043', '27100139686', 'Venezia', 'VE'),
    (DEFAULT, 55, TRUE, '00051', '27100139687', 'Venezia', 'VE'),
    (DEFAULT, 35, TRUE, '00128', '27100139687', 'Venezia', 'VE'),
    (DEFAULT, 23, TRUE, '00153', '27100139687', 'Venezia', 'VE'),
    (DEFAULT, 21, TRUE, '00200', '27100139687', 'Venezia', 'VE'),
    (DEFAULT, 24, TRUE, '00257', '27100139687', 'Venezia', 'VE'),
    (DEFAULT, 20, TRUE, '00237', '27100139687', 'Venezia', 'VE'),
    (DEFAULT, 29, TRUE, '00221', '27100139687', 'Venezia', 'VE'),
    (DEFAULT, 27, TRUE, '00146', '27100139687', 'Venezia', 'VE'),
    (DEFAULT, 35, TRUE, '00378', '27100139688', 'Verona', 'VR'),
    (DEFAULT, 35, TRUE, '00075', '27100139688', 'Verona', 'VR'),
    (DEFAULT, 26, TRUE, '00298', '27100139689', 'Trento', 'TN'),
    (DEFAULT, 28, TRUE, '00062', '27100139610', 'Trento', 'TN'),
    (DEFAULT, 27, TRUE, '00075', '27100139611', 'Trento', 'TN'),
    (DEFAULT, 19, TRUE, '00092', '27100139612', 'Milano', 'MI'),
    (DEFAULT, 40, TRUE, '00360', '27100139613', 'Bergamo', 'BG'),
    (DEFAULT, 35, TRUE, '00128', '27100139614', 'Bergamo', 'BG'),
    (DEFAULT, 31, TRUE, '00144', '27100139615', 'Bergamo', 'BG'),
    (DEFAULT, 10, TRUE, '00146', '27100139616', 'Brescia', 'BS'),
    (DEFAULT, 13, TRUE, '00153', '27100139617', 'Brescia', 'BS'),
    (DEFAULT, 30, TRUE, '00200', '27100139618', 'Brescia', 'BS'),
    (DEFAULT, 25, TRUE, '00203', '27100139619', 'Monza', 'MB'),
    (DEFAULT, 22, TRUE, '00221', '27100139620', 'Monza', 'MB'),
    (DEFAULT, 21, TRUE, '00237', '27100139621', 'Monza', 'MB'),
    (DEFAULT, 20, TRUE, '00257', '27100139622', 'Bologna', 'BO'),
    (DEFAULT, 29, TRUE, '00195', '27100139623', 'Bologna', 'BO'),
    (DEFAULT, 19, TRUE, '00042', '27100139624', 'Padova', 'PD'),
    (DEFAULT, 14, TRUE, '00043', '27100139625', 'Venezia', 'VE'),
    (DEFAULT, 36, TRUE, '00378', '27100139626', 'Aosta', 'AO'),
    (DEFAULT, 39, TRUE, '00360', '27100139627', 'Udine', 'UD'),
    (DEFAULT, 30, TRUE, '00153', '27100139628', 'Pordenone', 'PN'),
    (DEFAULT, 20, TRUE, '00221', '27100139629', 'Perugia', 'PG'),
    (DEFAULT, 40, TRUE, '00237', '27100139630', 'Trento', 'TN'),
    (DEFAULT, 21, TRUE, '00092', '27100139631', 'Bolzano', 'BZ'),
    (DEFAULT, 10, TRUE, '00144', '27100139632', 'Napoli', 'NA'),
    (DEFAULT, 11, TRUE, '00200', '27100139633', 'Napoli', 'NA'),
    (DEFAULT, 14, TRUE, '00257', '27100139634', 'Napoli', 'NA'),
    (DEFAULT, 18, TRUE, '00092', '27100139635', 'Caltanissetta', 'CL'),
    (DEFAULT, 17, TRUE, '00144', '27100139636', 'Caltanissetta', 'CL'),
    (DEFAULT, 19, TRUE, '00200', '27100139637', 'Agrigento', 'AG'),
    (DEFAULT, 11, TRUE, '00257', '27100139638', 'Agrigento', 'AG');


-- Insertion packages
INSERT INTO InsurancePackage(PackageId, Available, Deductible, Rate, VatId) VALUES
    (DEFAULT, FALSE, 0.041, 0.122, '21202391704'),
    (DEFAULT, FALSE, 0.034, 0.101, '21295568066'),
    (DEFAULT, DEFAULT, 0.051, 0.112, '21202391704'),
    (DEFAULT, DEFAULT, 0.044, 0.131, '21202391704'),
    (DEFAULT, DEFAULT, 0.067, 0.100, '21202391704'),
    (DEFAULT, DEFAULT, 0.056, 0.145, '21202391704'),
    (DEFAULT, DEFAULT, 0.060, 0.126, '21265251180'),
    (DEFAULT, DEFAULT, 0.043, 0.158, '21265251180'),
    (DEFAULT, DEFAULT, 0.039, 0.109, '21295568066'),
    (DEFAULT, DEFAULT, 0.045, 0.117, '21295568066'),
    (DEFAULT, DEFAULT, 0.048, 0.123, '21295568066');


-- Adding policies
INSERT INTO InsurancePolicy(PolicyId, PackageId, InsuredCapital, PercentageBroker,
        PercentageIntermediary, ClientId, BrokerId, IntermediaryId, PolicyValidity) VALUES
    (DEFAULT, 1, 473010, 0.1, 0.3, 'FNTCDC00A00A123B', 'B010742953', 'F152578620',
        '[2017-04-22, 2018-04-22]'),
    (DEFAULT, 1, 396000, 0.2, 0.25, 'FNTCDC00A00A123A', 'B010742953', 'F152578620',
        '[2018-04-25, 2019-04-25]'),
    (DEFAULT, 2, 473010, 0.1, 0.3, 'FNTCDC00A00A123B', 'B010742953', 'F152578620',
        '[2018-04-22, 2019-04-22]'),
    (DEFAULT, 1, 387987, 0.2, 0.3, 'FNTCDC00A00A123D', 'B010742953', 'F152578620',
        '[2018-03-19, 2019-03-19]'),
    (DEFAULT, 1, 306105, 0.15, 0.25, 'FNTCDC00A00A123F', 'B010742953', 'F152578620',
        '[2018-03-23, 2019-03-23]'),
    (DEFAULT, 2, 364000, 0.2, 0.35, 'FNTCDC00A00A123H', 'B010742953', 'F152578620',
        '[2018-04-20, 2019-04-20]'),
    (DEFAULT, 4, 388134, 0.25, 0.25, 'FNTCDC00A00A123O', 'B010742953', 'F152578620',
        '[2018-03-12, 2019-03-12]'),
    (DEFAULT, 8, 401000, 0.2, 0.3, 'FNTCDC00A00A123Z', 'B010742953', 'F152578620',
        '[2018-04-06, 2019-04-06]'),
    (DEFAULT, 10, 402456, 0.1, 0.35, 'FNTCDC00A01A123C', 'B010742953', 'F445558547',
        '[2018-04-11, 2019-04-11]'),
    (DEFAULT, 7, 501013, 0.1, 0.35, 'FNTCDC00A01A123N', 'B010742953', 'F445558547',
        '[2018-04-03, 2019-04-03]'),
    (DEFAULT, 5, 432367, 0.15, 0.25, '27100139684', 'B010742953', 'F152578620',
        '[2018-03-07, 2019-03-07]'),
    (DEFAULT, 3, 396000, 0.2, 0.35, 'FNTCDC00A00A123A', 'B010742953', 'F152578620', DEFAULT),
    (DEFAULT, 4, 473010, 0.15, 0.3, 'FNTCDC00A00A123B', 'B010742953', 'F152578620', DEFAULT),
    (DEFAULT, 7, 387987, 0.2, 0.3, 'FNTCDC00A00A123C', 'B010742953', 'F152578620', DEFAULT),
    (DEFAULT, 9, 306105, 0.2, 0.25, 'FNTCDC00A00A123D', 'B010742953', 'F152578620', DEFAULT),
    (DEFAULT, 11, 364000, 0.25, 0.25, 'FNTCDC00A00A123E', 'B010742953', 'F152578620', DEFAULT),
    (DEFAULT, 10, 388134, 0.15, 0.3, 'FNTCDC00A00A123F', 'B010742953', 'F152578620', DEFAULT),
    (DEFAULT, 5, 401000, 0.1, 0.35, 'FNTCDC00A00A123G', 'B010742953', 'F152578620', DEFAULT),
    (DEFAULT, 3, 402456, 0.25, 0.3, 'FNTCDC00A00A123H', 'B010742953', 'F152578620', DEFAULT),
    (DEFAULT, 3, 501013, 0.1, 0.25, 'FNTCDC00A00A123I', 'B010742953', 'F152578620', DEFAULT),
    (DEFAULT, 4, 432367, 0.15, 0.3, 'FNTCDC00A00A123J', 'B010742953', 'F152578620', DEFAULT),
    (DEFAULT, 6, 396000, 0.2, 0.35, 'FNTCDC00A00A123K', 'B010742953', 'F152578620', DEFAULT),
    (DEFAULT, 6, 473010, 0.2, 0.35, 'FNTCDC00A00A123L', 'B010742953', 'F152578620', DEFAULT),
    (DEFAULT, 11, 387987, 0.15, 0.3, 'FNTCDC00A00A123M', 'B010742953', 'F152578620', DEFAULT),
    (DEFAULT, 11, 306105, 0.2, 0.3, 'FNTCDC00A00A123N', 'B010742953', 'F152578620', DEFAULT),
    (DEFAULT, 10, 364000, 0.2, 0.25, 'FNTCDC00A00A123O', 'B010742953', 'F152578620', DEFAULT),
    (DEFAULT, 8, 388134, 0.25, 0.25, 'FNTCDC00A00A123P', 'B010742953', 'F152578620', DEFAULT),
    (DEFAULT, 10, 401000, 0.15, 0.3, 'FNTCDC00A00A123Q', 'B010742953', 'F152578620', DEFAULT),
    (DEFAULT, 8, 402456, 0.1, 0.35, 'FNTCDC00A00A123R', 'B010742953', 'F152578620', DEFAULT),
    (DEFAULT, 4, 501013, 0.25, 0.3, 'FNTCDC00A00A123S', 'B010742953', 'F152578620', DEFAULT),
    (DEFAULT, 5, 432367, 0.1, 0.25, 'FNTCDC00A00A123T', 'B010742953', 'F152578620', DEFAULT),
    (DEFAULT, 5, 396000, 0.15, 0.3, 'FNTCDC00A00A123U', 'B010742953', 'F152578620', DEFAULT),
    (DEFAULT, 7, 473010, 0.15, 0.3, 'FNTCDC00A00A123V', 'B010742953', 'F152578620', DEFAULT),
    (DEFAULT, 3, 387987, 0.2, 0.3, 'FNTCDC00A00A123Z', 'B010742953', 'F152578620', DEFAULT),
    (DEFAULT, 4, 306105, 0.2, 0.25, 'FNTCDC00A01A123A', 'B010742953', 'F445558547', DEFAULT),
    (DEFAULT, 7, 364000, 0.25, 0.2, 'FNTCDC00A01A123B', 'B010742953', 'F445558547', DEFAULT),
    (DEFAULT, 9, 388134, 0.15, 0.3, 'FNTCDC00A01A123C', 'B010742953', 'F445558547', DEFAULT),
    (DEFAULT, 11, 401000, 0.1, 0.35, 'FNTCDC00A01A123D', 'B010742953', 'F445558547', DEFAULT),
    (DEFAULT, 10, 402456, 0.15, 0.3, 'FNTCDC00A01A123E', 'B010742953', 'F445558547', DEFAULT),
    (DEFAULT, 5, 501013, 0.2, 0.3, 'FNTCDC00A01A123F', 'B010742953', 'F445558547', DEFAULT),
    (DEFAULT, 3, 432367, 0.2, 0.25, 'FNTCDC00A01A123G', 'B010742953', 'F445558547', DEFAULT),
    (DEFAULT, 3, 396000, 0.25, 0.2, 'FNTCDC00A01A123H', 'B010742953', 'F445558547', DEFAULT),
    (DEFAULT, 4, 473010, 0.15, 0.3, 'FNTCDC00A01A123I', 'B010742953', 'F445558547', DEFAULT),
    (DEFAULT, 6, 387987, 0.1, 0.35, 'FNTCDC00A01A123J', 'B010742953', 'F445558547', DEFAULT),
    (DEFAULT, 6, 306105, 0.15, 0.3, 'FNTCDC00A01A123K', 'B010742953', 'F445558547', DEFAULT),
    (DEFAULT, 11, 364000, 0.2, 0.3, 'FNTCDC00A01A123L', 'B010742953', 'F445558547', DEFAULT),
    (DEFAULT, 11, 388134, 0.2, 0.25, 'FNTCDC00A01A123M', 'B010742953', 'F445558547', DEFAULT),
    (DEFAULT, 10, 401000, 0.25, 0.2, 'FNTCDC00A01A123N', 'B010742953', 'F445558547', DEFAULT),
    (DEFAULT, 8, 402456, 0.15, 0.3, 'FNTCDC00A02A123A', 'B010742953', 'F478849858', DEFAULT),
    (DEFAULT, 10, 501013, 0.1, 0.35, 'FNTCDC00A02A123B', 'B010742953', 'F478849858', DEFAULT),
    (DEFAULT, 8, 432367, 0.15, 0.3, 'FNTCDC00A02A123C', 'B010742953', 'F478849858', DEFAULT),
    (DEFAULT, 4, 396000, 0.2, 0.3, 'FNTCDC00A02A123D', 'B010742953', 'F478849858', DEFAULT),
    (DEFAULT, 5, 473010, 0.2, 0.25, 'FNTCDC00A02A123E', 'B010742953', 'F478849858', DEFAULT),
    (DEFAULT, 5, 387987, 0.25, 0.2, 'FNTCDC00A02A123F', 'B010742953', 'F478849858', DEFAULT),
    (DEFAULT, 7, 306105, 0.15, 0.3, 'FNTCDC00A02A123H', 'B010742953', 'F478849858', DEFAULT),
    (DEFAULT, 3, 364000, 0.1, 0.35, 'FNTCDC00A02A123I', 'B010742953', 'F478849858', DEFAULT),
    (DEFAULT, 4, 388134, 0.2, 0.3, 'FNTCDC00A02A123J', 'B010742953', 'F478849858', DEFAULT),
    (DEFAULT, 7, 401000, 0.15, 0.3, 'FNTCDC00A02A123K', 'B010742953', 'F478849858', DEFAULT),
    (DEFAULT, 9, 402456, 0.2, 0.3, 'FNTCDC00A02A123L', 'B010742953', 'F478849858', DEFAULT),
    (DEFAULT, 11, 501013, 0.2, 0.25, 'FNTCDC00A02A123G', 'B010742953', 'F478849858', DEFAULT),
    (DEFAULT, 10, 432367, 0.25, 0.2, 'FNTCDC00A03A123A', 'B010742953', 'F435466856', DEFAULT),
    (DEFAULT, 5, 396000, 0.15, 0.3, 'FNTCDC00A03A123B', 'B010742953', 'F435466856', DEFAULT),
    (DEFAULT, 3, 473010, 0.1, 0.35, 'FNTCDC00A03A123C', 'B010742953', 'F435466856', DEFAULT),
    (DEFAULT, 3, 387987, 0.15, 0.3, 'FNTCDC00A03A123D', 'B010742953', 'F435466856', DEFAULT),
    (DEFAULT, 4, 306105, 0.2, 0.3, 'FNTCDC00A03A123E', 'B010742953', 'F435466856', DEFAULT),
    (DEFAULT, 6, 364000, 0.2, 0.25, 'FNTCDC00A03A123F', 'B010742953', 'F435466856', DEFAULT),
    (DEFAULT, 6, 388134, 0.25, 0.2, 'FNTCDC00A04A123A', 'B010742953', 'F420876319', DEFAULT),
    (DEFAULT, 11, 401000, 0.15, 0.3, 'FNTCDC00A04A123B', 'B010742953', 'F420876319', DEFAULT),
    (DEFAULT, 11, 402456, 0.1, 0.35, 'FNTCDC00A04A123C', 'B010742953', 'F420876319', DEFAULT),
    (DEFAULT, 10, 501013, 0.2, 0.3, 'FNTCDC00A04A123D', 'B010742953', 'F420876319', DEFAULT),
    (DEFAULT, 8, 432367, 0.2, 0.3, 'FNTCDC00A04A123E', 'B010742953', 'F420876319', DEFAULT),
    (DEFAULT, 10, 396000, 0.15, 0.3, 'FNTCDC00A04A123F', 'B010742953', 'F420876319', DEFAULT),
    (DEFAULT, 8, 473010, 0.2, 0.3, 'FNTCDC00A04A123G', 'B010742953', 'F420876319', DEFAULT),
    (DEFAULT, 4, 387987, 0.2, 0.25, '27100139681', 'B010742953', 'F152578620', DEFAULT),
    (DEFAULT, 5, 306105, 0.25, 0.2, '27100139682', 'B010742953', 'F152578620', DEFAULT),
    (DEFAULT, 5, 364000, 0.15, 0.3, '27100139683', 'B010742953', 'F152578620', DEFAULT),
    (DEFAULT, 7, 388134, 0.1, 0.35, '27100139684', 'B010742953', 'F152578620', DEFAULT),
    (DEFAULT, 3, 401000, 0.2, 0.3, '27100139685', 'B010742953', 'F152578620', DEFAULT),
    (DEFAULT, 4, 402456, 0.15, 0.3, '27100139686', 'B010742953', 'F152578620', DEFAULT),
    (DEFAULT, 7, 501013, 0.2, 0.3, '27100139687', 'B010742953', 'F152578620', DEFAULT),
    (DEFAULT, 9, 432367, 0.2, 0.25, '27100139688', 'B010742953', 'F152578620', DEFAULT),
    (DEFAULT, 11, 396000, 0.25, 0.2, '27100139689', 'B010742953', 'F445558547', DEFAULT),
    (DEFAULT, 10, 473010, 0.15, 0.3, '27100139610', 'B010742953', 'F445558547', DEFAULT),
    (DEFAULT, 5, 387987, 0.1, 0.35, '27100139611', 'B010742953', 'F445558547', DEFAULT),
    (DEFAULT, 3, 306105, 0.15, 0.3, '27100139612', 'B010742953', 'F445558547', DEFAULT),
    (DEFAULT, 3, 364000, 0.2, 0.3, '27100139613', 'B010742953', 'F445558547', DEFAULT),
    (DEFAULT, 4, 388134, 0.2, 0.25, '27100139614', 'B010742953', 'F445558547', DEFAULT),
    (DEFAULT, 6, 401000, 0.25, 0.2, '27100139615', 'B010742953', 'F445558547', DEFAULT),
    (DEFAULT, 6, 402456, 0.15, 0.3, '27100139616', 'B010742953', 'F445558547', DEFAULT),
    (DEFAULT, 11, 501013, 0.1, 0.35, '27100139617', 'B010742953', 'F445558547', DEFAULT),
    (DEFAULT, 11, 432367, 0.2, 0.3, '27100139618', 'B010742953', 'F445558547', DEFAULT),
    (DEFAULT, 10, 396000, 0.2, 0.3, '27100139619', 'B010742953', 'F445558547', DEFAULT),
    (DEFAULT, 8, 473010, 0.15, 0.3, '27100139620', 'B010742953', 'F445558547', DEFAULT),
    (DEFAULT, 10, 387987, 0.2, 0.3, '27100139621', 'B010742953', 'F445558547', DEFAULT),
    (DEFAULT, 8, 306105, 0.2, 0.25, '27100139622', 'B010742953', 'F478849858', DEFAULT),
    (DEFAULT, 4, 364000, 0.25, 0.2, '27100139623', 'B010742953', 'F478849858', DEFAULT),
    (DEFAULT, 5, 388134, 0.15, 0.3, '27100139624', 'B010742953', 'F478849858', DEFAULT),
    (DEFAULT, 5, 401000, 0.1, 0.35, '27100139625', 'B010742953', 'F478849858', DEFAULT),
    (DEFAULT, 7, 402456, 0.15, 0.3, '27100139626', 'B010742953', 'F478849858', DEFAULT),
    (DEFAULT, 5, 501013, 0.2, 0.3, '27100139627', 'B010742953', 'F478849858', DEFAULT),
    (DEFAULT, 3, 432367, 0.2, 0.25, '27100139628', 'B010742953', 'F478849858', DEFAULT),
    (DEFAULT, 3, 396000, 0.25, 0.2, '27100139629', 'B010742953', 'F478849858', DEFAULT),
    (DEFAULT, 4, 473010, 0.15, 0.3, '27100139630', 'B010742953', 'F478849858', DEFAULT),
    (DEFAULT, 6, 387987, 0.1, 0.35, '27100139631', 'B010742953', 'F478849858', DEFAULT),
    (DEFAULT, 6, 306105, 0.15, 0.3, '27100139632', 'B010742953', 'F435466856', DEFAULT),
    (DEFAULT, 11, 364000, 0.2, 0.3, '27100139633', 'B010742953', 'F435466856', DEFAULT),
    (DEFAULT, 11, 388134, 0.2, 0.25, '27100139634', 'B010742953', 'F435466856', DEFAULT),
    (DEFAULT, 7, 401000, 0.25, 0.2, '27100139635', 'B010742953', 'F435466856', DEFAULT),
    (DEFAULT, 4, 402456, 0.15, 0.3, '27100139636', 'B010742953', 'F435466856', DEFAULT),
    (DEFAULT, 5, 501013, 0.1, 0.35, '27100139637', 'B010742953', 'F435466856', DEFAULT),
    (DEFAULT, 6, 432367, 0.2, 0.3, '27100139638', 'B010742953', 'F435466856', DEFAULT);


-- Association policy-vineyards
INSERT INTO ProtectedBy(PolicyId, VineyardId) VALUES
    (1, 2),
    (1, 15),
    (1, 16),
    (3, 3),
    (3, 15),
    (3, 16),
    (13, 15),
    (13, 16),
    (13, 17),
    (2, 1),
    (2, 12),
    (2, 13),
    (12, 12),
    (12, 13),
    (12, 14),
    (14, 18),
    (14, 19),
    (4, 4),
    (15, 20),
    (16, 21),
    (16, 22),
    (5, 5),
    (17, 23),
    (17, 24),
    (18, 25),
    (6, 6),
    (6, 26),
    (19, 26),
    (19, 27),
    (20, 28),
    (21, 29),
    (22, 30),
    (23, 31),
    (24, 32),
    (25, 33),
    (7, 7),
    (7, 34),
    (26, 34),
    (26, 35),
    (27, 36),
    (28, 37),
    (29, 38),
    (30, 39),
    (31, 40),
    (32, 41),
    (33, 42),
    (8, 8),
    (34, 43),
    (35, 44),
    (36, 45),
    (9, 9),
    (37, 46),
    (37, 47),
    (38, 48),
    (39, 49),
    (40, 50),
    (41, 51),
    (42, 52),
    (43, 53),
    (44, 54),
    (45, 55),
    (46, 56),
    (47, 57),
    (10, 10),
    (48, 58),
    (49, 59),
    (50, 60),
    (51, 61),
    (52, 62),
    (53, 63),
    (54, 64),
    (55, 65),
    (56, 66),
    (57, 67),
    (58, 68),
    (59, 69),
    (60, 70),
    (61, 71),
    (62, 72),
    (63, 73),
    (64, 74),
    (65, 75),
    (66, 76),
    (67, 77),
    (68, 78),
    (69, 79),
    (70, 80),
    (71, 81),
    (72, 82),
    (73, 83),
    (74, 84),
    (74, 85),
    (74, 86),
    (75, 87),
    (75, 88),
    (76, 89),
    (11, 11),
    (77, 90),
    (78, 91),
    (78, 92),
    (79, 93),
    (80, 94),
    (80, 95),
    (80, 96),
    (80, 97),
    (80, 98),
    (80, 99),
    (80, 100),
    (80, 101),
    (81, 102),
    (81, 103),
    (82, 104),
    (83, 105),
    (84, 106),
    (85, 107),
    (86, 108),
    (87, 109),
    (88, 110),
    (89, 111),
    (90, 112),
    (91, 113),
    (92, 114),
    (93, 115),
    (94, 116),
    (95, 117),
    (96, 118),
    (97, 119),
    (98, 120),
    (99, 121),
    (100, 122),
    (101, 123),
    (102, 124),
    (103, 125),
    (104, 126),
    (105, 127),
    (106, 128),
    (107, 129),
    (108, 130),
    (109, 131),
    (110, 132),
    (111, 133);


-- Insertion guarantees
INSERT INTO Guarantee(Code, Name) VALUES
    ('HA', 'Hailstorm'),
    ('WI', 'Windstorm'),
    ('RA', 'Rain'),
    ('SW', 'Snow'),
    ('TS', 'Thermal Shock'),
    ('SS', 'Sun Stoke'),
    ('HW', 'Heat Wave'),
    ('FR', 'Frost'),
    ('DR', 'Drought'),
    ('HU', 'Hurricane'),
    ('TH', 'Thunderstorm'),
    ('FL', 'Flood');


-- Association packages-guarantees
INSERT INTO Define(PackageId, GuaranteeCode) VALUES
    (1, 'HA'),
    (1, 'WI'),
    (1, 'RA'),
    (2, 'SW'),
    (2, 'HU'),
    (2, 'RA'),
    (3, 'HA'),
    (3, 'WI'),
    (4, 'RA'),
    (5, 'SW'),
    (5, 'TS'),
    (5, 'SS'),
    (5, 'HW'),
    (6, 'FR'),
    (6, 'DR'),
    (7, 'HU'),
    (7, 'TH'),
    (7, 'FL'),
    (8, 'HA'),
    (8, 'WI'),
    (9, 'RA'),
    (9, 'SW'),
    (9, 'HA'),
    (10, 'WI'),
    (11, 'RA'),
    (11, 'SW');


-- Adding claims
INSERT INTO Claim(ClaimID, State, ClaimDate) VALUES
    (DEFAULT, 'ACCEPTED', '[2020-04-02]'),
    (DEFAULT, 'ACCEPTED', '[2020-04-25]'),
    (DEFAULT, 'ACCEPTED', '[2020-01-12]'),
    (DEFAULT, 'ACCEPTED', '[2019-11-28]'),
    (DEFAULT, 'ACCEPTED', '[2019-12-04]'),
    (DEFAULT, 'ACCEPTED', '[2019-09-16]'),
    (DEFAULT, 'ACCEPTED', '[2019-06-14]'),
    (DEFAULT, 'ACCEPTED', '[2019-06-01]'),
    (DEFAULT, 'REFUSED', '[2020-04-03]'),
    (DEFAULT, 'REFUSED', '[2019-04-15]'),
    (DEFAULT, 'REFUSED', '[2019-08-15]'),
    (DEFAULT, 'REFUSED', '[2019-11-08]'),
    (DEFAULT, DEFAULT, DEFAULT),
    (DEFAULT, DEFAULT, DEFAULT),
    (DEFAULT, DEFAULT, DEFAULT),
    (DEFAULT, DEFAULT, DEFAULT),
    (DEFAULT, DEFAULT, DEFAULT),
    (DEFAULT, DEFAULT, DEFAULT),
    (DEFAULT, DEFAULT, DEFAULT),
    (DEFAULT, DEFAULT, DEFAULT);


-- Association guarantees-vineyard-claim
INSERT INTO ReferTo(GuaranteeCode, ClaimId, VineyardId) VALUES
    ('HU', 1, 6),
    ('SW', 1, 6),
    ('HA', 2, 12),
    ('WI', 2, 12),
    ('WI', 3, 9),
    ('HA', 4, 1),
    ('RA', 4, 1),
    ('HA', 5, 8),
    ('SS', 6, 11),
    ('RA', 7, 7),
    ('RA', 8, 3),
    ('WI', 9, 4),
    ('RA', 10, 2),
    ('TH', 11, 10),
    ('FL', 11, 10),
    ('TS', 12, 11),
    ('RA', 13, 86),
    ('HA', 14, 52),
    ('WI', 15, 37),
    ('DR', 16, 110),
    ('SW', 17, 112),
    ('RA', 18, 128),
    ('HA', 19, 102),
    ('RA', 20, 125);
